青の祓魔師,ジャンル,0,メモ
青のオーケストラ,ジャンル,0,メモ
アオハライド,ジャンル,0,メモ
赤髪の白雪姫,ジャンル,0,メモ
アカメが斬る,ジャンル,0,メモ
悪役令嬢転生おじさん,ジャンル,0,メモ
あそびあそばせ,ジャンル,0,メモ
兄に付ける薬はない,ジャンル,0,メモ
ISLAND,ジャンル,0,メモ
あの日見た花の名前を僕達はまだ知らない,ジャンル,0,メモ
あひるの空,ジャンル,0,メモ
アホガール,ジャンル,0,メモ
天久鷹央の推理カルテ,ジャンル,0,メモ
荒川アンダーザブリッジ,ジャンル,0,メモ
荒ぶる季節の乙女どもよ。,ジャンル,0,メモ
ありふれた職業で世界最強,ジャンル,0,メモ
暗殺教室,ジャンル,0,メモ
R-15,ジャンル,0,メモ
異種族レビュワーズ,ジャンル,0,メモ
イジらないで、長瀞さん,ジャンル,0,メモ
異世界居酒屋「のぶ」,ジャンル,0,メモ
異世界おじさん,ジャンル,0,メモ
異世界かるてっと,ジャンル,0,メモ
異世界食堂,ジャンル,0,メモ
異世界でチート能力を手にした俺は、現実世界をも無双する,ジャンル,0,メモ
異世界チート魔術師,ジャンル,0,メモ
異世界のんびり農家,ジャンル,0,メモ
異世界はスマートフォンとともに。,ジャンル,0,メモ
異世界魔王と奴隷少女の召喚魔術,ジャンル,0,メモ
異世界ワンターンキル姉さん,ジャンル,0,メモ
痛いのは嫌なので防御力に極振りしたいと思います。,ジャンル,0,メモ
いつか天魔の黒ウサギ,ジャンル,0,メモ
ID:INVADED イド:インヴェイデッド,ジャンル,0,メモ
イナズマイレブン,ジャンル,0,メモ
妹さえいればいい。,ジャンル,0,メモ
Vivy -Fluorite Eyeʼs Song-,ジャンル,0,メモ
ヴァイオレットエヴァーガーデン,ジャンル,0,メモ
戦×恋,ジャンル,0,メモ
Which Watch,ジャンル,0,メモ
上野さんは不器用,ジャンル,0,メモ
宇崎ちゃんは遊びたい！,ジャンル,0,メモ
うちの会社の小さい先輩の話,ジャンル,0,メモ
うちの娘のためならば、俺はもしかしたら魔王も倒せるかもしれない。,ジャンル,0,メモ
うちのメイドがウザすぎる！,ジャンル,0,メモ
宇宙戦艦ティラミス,ジャンル,0,メモ
ウマ娘 プリティーダービー,ジャンル,0,メモ
うみねこのなく頃に,ジャンル,0,メモ
裏世界ピクニック,ジャンル,0,メモ
AIR,ジャンル,0,メモ
86-エイティシックス-,ジャンル,1,メモ
英雄王、武を極めるため転生す,ジャンル,0,メモ
英雄教室,ジャンル,0,メモ
エリアの騎士,ジャンル,0,メモ
エロマンガ先生,ジャンル,0,メモ
炎炎の消防隊,ジャンル,0,メモ
engage kiss,ジャンル,0,メモ
Angel Beats!,ジャンル,0,メモ
王様ランキング,ジャンル,0,メモ
おおかみかくし,ジャンル,0,メモ
おーばーふろぉ,ジャンル,0,メモ
沖縄で好きになった子が方言すぎてツラすぎる,ジャンル,0,メモ
おくさまが生徒会長！,ジャンル,0,メモ
幼なじみが絶対に負けないラブコメ,ジャンル,0,メモ
推しの子,ジャンル,0,メモ
おそ松さん,ジャンル,0,メモ
ヲタクに恋は難しい,ジャンル,0,メモ
織田信奈の野望,ジャンル,0,メモ
乙女ゲームの破滅フラグしかない悪役令嬢に転生してしまった,ジャンル,0,メモ
乙女ゲー世界はモブに厳しい世界です、,ジャンル,0,メモ
お兄ちゃんだけど愛さえあれば関係ないよねっ！,ジャンル,0,メモ
俺がお嬢様学校に「庶民サンプル」としてゲッツされた件,ジャンル,0,メモ
俺が好きなのは妹だけど妹じゃない,ジャンル,0,メモ
俺だけ入れる隠しダンジョン,ジャンル,0,メモ
俺だけレベルアップな件,ジャンル,0,メモ
俺、ツインテールになります,ジャンル,0,メモ
俺の妹がこんなに可愛いわけがない,ジャンル,0,メモ
俺の脳内選択肢が、学園ラブコメを全力で邪魔している,ジャンル,0,メモ
俺を好きなのはお前だけかよ,ジャンル,0,メモ
オーバーロード,ジャンル,0,メモ
ガヴリールドロップアウト
会長はメイド様！
回復術士のやり直し
かくしごと
学戦都市アスタリスク
かぐや様は告らせたい〜天才たちの恋愛頭脳戦〜
賭ケグルイ
陰の実力者になりたくて！
片田舎のおっさん、剣聖になる
カッコウの許嫁
かつて神だった獣たちへ
家庭教師ヒットマンREBORN!
彼女、お借りします
カノジョも彼女
Kanon
神様になった日
神達に拾われた男
神之塔
かわいいだけじゃない式守さん
可愛ければ変態でも好きになってくれますか？
ガイコツ書店員本田さん
がっこうぐらし！
GANTZ
ガールズバンドクライ
ガールフレンド(仮)
寄宿学校のジュリエット
kiss×sis
キテレツ大百科
キノの旅
君に届け
君のことが大大大大大好きな100人の彼女
鬼滅の刃
キャッツアイ
究極進化したフルダイブRPGが現実よりもクソゲーだったら
境界の彼方
虚構推理
キョロちゃん
ギルティクラウン
ギルドの受付嬢ですが、残業は嫌なので...
キルミーベイベー
きんいろモザイク
金田一少年の事件簿
キン肉マン
逆転裁判
逆境無頼カイジ
ギルティクラウン
銀河鉄道999
銀魂
クッキングパパ
くまクマ熊ベアー
蜘蛛ですが、なにか？
CLANNAD
黒子のバスケ
黒の召喚士
ぐらんぶる
SSSS.DYNAZENON
SSSS.GRIDMAN
けいおん！
血界戦線
潔癖男子！青山くん
ケロロ軍曹
賢者の弟子を名乗る賢者
賢者の孫
K
ゲゲゲの鬼太郎
GATE 自衛隊彼の地にて、斯く戦えり
ゲーマーズ
恋する小惑星
恋と嘘
合コンに行ったら女がいなかった話
甲虫王者ムシキング
極主夫道
こどものおもちゃ
こねこのチー
この素晴らしい世界に祝福を
この美術部には問題がある！
小林さんちのメイドラゴン
これはゾンビですか？
コードギアス反逆のルルーシュ
極黒のブリュンヒルデ
ご注文はうさぎですか？
五等分の花嫁
ゴブリンスレイヤー